videoId,videoTitle,videoUrl
302562,1/2 粉嫩韩国初中少女操逼完整版,https://d2dchjwa8oh2hv.cloudfront.net/api/m3u8/decode/authPath?path=mmc/20231213/an/m9/xl/kg/f6454370d97e4279905ae725a6f5310d.m3u8&auth_key=1730019943-029532217-8-20f3cb230cd069067b6fe42f8aa6f9ce
302417,小学生的qq视频被忽悠展示身体,https://d2dchjwa8oh2hv.cloudfront.net/api/m3u8/decode/authPath?path=mmc/20231221/3u/r5/0w/4z/37bd8883bc1d4c388177c4ccff8935d4.m3u8&auth_key=1730019958-029532217-8-4dd4d222569e2b38f57f3ae9c963a4c2
312385,可爱幼女-两个可爱女互舔，真是太可爱了,https://d2dchjwa8oh2hv.cloudfront.net/api/m3u8/decode/authPath?path=jpb/20240914/i9/x8/ud/yt/851154bc666145bf86e1436f24392bfd.m3u8&auth_key=1730019970-029532217-8-786f4bf705d37014af154a958ef96ae0
312368,俩单纯可爱的小姐妹萝莉被鬼父圈养不顾伦理随意玩弄插入,https://d2dchjwa8oh2hv.cloudfront.net/api/m3u8/decode/authPath?path=jpa/20231222/4s/hh/5s/50/f561eddc913844b48908a903ca5c4863.m3u8&auth_key=1730020702-029532217-8-95ea4b8aac6fad7f0ca37a88aa2b2767
312659,鬼父半夜舔智障女儿粉鲍出爱液后，强制插入女儿说里面好胀痛,https://d2dchjwa8oh2hv.cloudfront.net/api/m3u8/decode/authPath?path=bzd/20240101/ps/3u/2q/de/0e21d39d55084cba8ebd80f355df24f9.m3u8&auth_key=1730020726-029532217-8-3f874516110f2adee414bbb6407d5681
312372,真实国产小萝莉自慰,https://d2dchjwa8oh2hv.cloudfront.net/api/m3u8/decode/authPath?path=jpb/20240913/10/4o/44/7e/f6a18ae8f0404214af3bf1a337d0812b.m3u8&auth_key=1730020746-029532217-8-d301edef8b94e9d9e9ce63299ac607b7
312374,巨乳小圆脸小学生自慰,https://d2dchjwa8oh2hv.cloudfront.net/api/m3u8/decode/authPath?path=jpb/20240913/z8/rd/ht/kk/9ab0e12bfc30418f95bae54002b323a9.m3u8&auth_key=1730020760-029532217-8-e93b93165d4a5083f6ee299485cb0731
312380,【最新流出！9岁小学生放学后在家偷摸小嫩屄】极品幼女小萝莉！嫩穴好想插！,https://d2dchjwa8oh2hv.cloudfront.net/api/m3u8/decode/authPath?path=jpc/20240613/05/z2/1z/yd/996d673d20d5443f9eec7d02c7178763.m3u8&auth_key=1730020771-029532217-8-20b7011b00adca1dfa26bc703079d56c
312662,震惊师生乱伦江苏海安小学体育老师迷奸可爱幼女学生,https://d2dchjwa8oh2hv.cloudfront.net/api/m3u8/decode/authPath?path=mib/1u/zl/ak/pl/131752c96c3442fe854882d98b265424.m3u8&auth_key=1730020830-029532217-8-716e3b6113dd90c461484f73587d9029
312370,【父女乱伦】蓝色校服女儿被爸爸内射,https://d2dchjwa8oh2hv.cloudfront.net/api/m3u8/decode/authPath?path=jpb/20240527/ik/sw/5k/s8/5fc17ab144de4dd89d108793f09af1ad.m3u8&auth_key=1730020845-029532217-8-bc15d3e06036f9ad3d562b300af3a9e9
312383,暗网兽父禽兽父亲大吊猛插女儿菊花,https://d2dchjwa8oh2hv.cloudfront.net/api/m3u8/decode/authPath?path=jpb/20240914/nb/nb/m6/29/c694180657584a36a6e38e66e93caef1.m3u8&auth_key=1730020865-029532217-8-dc7793e2cb0ba77d9dc4eab585a8926f
312658,幼女被捆绑侵犯到最后射一脸白浆,https://d2dchjwa8oh2hv.cloudfront.net/api/m3u8/decode/authPath?path=bzc/20231223/kc/9c/i8/mp/70ae37bc34db497eba89ebe2beb7cfd2.m3u8&auth_key=1730020878-029532217-8-f2f2adb13d6872b0d6c1d7a3361124d2
312394,【最近很多人求的！农村鬼父半夜肏8岁幼女事件】屄好疼！爸爸毫不留情整条鸡吧插进幼逼！,https://d2dchjwa8oh2hv.cloudfront.net/api/m3u8/decode/authPath?path=jpc/20240911/gl/qe/wz/wi/39f02bfc1e1447918e0374413f041fab.m3u8&auth_key=1730020895-029532217-8-e765403481001acf6ffcabd52b7f768b
312557,可爱幼女偷偷自慰大秀美脚嫩逼,https://d2dchjwa8oh2hv.cloudfront.net/api/m3u8/decode/authPath?path=jpc/20240813/fq/d8/v5/ov/3c33f4668ef8418c90aa7b45355be988.m3u8&auth_key=1730020905-029532217-8-25fb39c47172f958607d91f0e7931437
312652,3/3亲爹侵犯女儿女儿那么配合不是第一次,https://d2dchjwa8oh2hv.cloudfront.net/api/m3u8/decode/authPath?path=bzc/20231223/02/xt/fd/8g/a501c266f95a4038a9fd71d6a16644dd.m3u8&auth_key=1730020917-029532217-8-f266cb296e745edccac9b77a27280849
